{"initial_reset_timestamp": 1599085083.2178085, "timestamps": [1599085088.9540412], "episode_lengths": [19], "episode_rewards": [19.0], "episode_types": ["t"]}